name,lastname,email
John,Doe,john.doe@email.com
Jane,Smith,jane.smith@email.com
Michael,Johnson,michael.johnson@email.com
Emily,Brown,emily.brown@email.com
David,Wilson,david.wilson@email.com
Sarah,Davis,sarah.davis@email.com
Robert,Miller,robert.miller@email.com
Jennifer,Taylor,jennifer.taylor@email.com
William,Anderson,william.anderson@email.com
Jessica,Thomas,jessica.thomas@email.com
Christopher,Moore,christopher.moore@email.com
Amanda,Jackson,amanda.jackson@email.com
Daniel,White,daniel.white@email.com
Michelle,Harris,michelle.harris@email.com
James,Martin,james.martin@email.com
Elizabeth,Thompson,elizabeth.thompson@email.com
Matthew,Garcia,matthew.garcia@email.com
Lauren,Martinez,lauren.martinez@email.com
Andrew,Rodriguez,andrew.rodriguez@email.com
Stephanie,Lee,stephanie.lee@email.com
